Player,Team,Pos,PTS,TRB,AST
Alondes Williams,DET,SG,45,0,9
James Wiseman,IND,C,43.2,7.2,0
Alex Reese,OKC,PF,36,18,0
Shai Gilgeous-Alexander,OKC,PG,34.5,5.4,6.5
Giannis Antetokounmpo,MIL,PF,32.7,12.9,6.3
Zion Williamson,NOP,PF,31.2,9.4,6.5
Anthony Davis,DAL,PF,30.2,18.6,8.1
LaMelo Ball,CHO,PG,29,5.9,7.7
Nikola Jokić,DEN,C,28.7,12.7,10.3
Luka Dončić,DAL,PG,28.4,8.4,7.9
Joel Embiid,PHI,C,28.3,9.7,5.3
Donovan Mitchell,CLE,SG,28.1,5,5.5
Jaren Jackson Jr.,MEM,C,27.9,7.2,2.6
Cam Thomas,BRK,SG,27.8,3.9,4.1
Luka Dončić,2TM,PG,27.6,8.5,8.2
Stephen Curry,GSW,PG,27.3,5,7
Anthony Davis,2TM,PF,27.1,12.6,3.6
Anthony Edwards,MIN,SG,27.1,5.8,4.5
Anthony Davis,LAL,C,27,12.5,3.5
Franz Wagner,ORL,SF,26.7,5.9,5
Jalen Brunson,NYK,PG,26.7,3,7.5
Jayson Tatum,BOS,PF,26.6,8.7,5.7
Victor Wembanyama,SAS,C,26.3,11.9,4
Kevin Durant,PHO,PF,26.2,5.9,4.1
Daeqwon Plowden,ATL,SG,26.2,5.5,0
Cade Cunningham,DET,PG,26,6.3,9.6
Luka Dončić,LAL,PG,25.9,8.8,8.8
Norman Powell,LAC,SG,25.9,3.8,2.4
LeBron James,LAL,SF,25.8,8.4,8.8
0e'Qwan Tomlin,CLE,PF,25.7,15.4,0
Paolo Banchero,ORL,PF,25.7,7.5,5.2
Ja Morant,MEM,PG,25.6,5,9
MarJon Beauchamp,LAC,SF,25.4,6.4,4.2
Damian Lillard,MIL,PG,25.4,4.6,7.2
Zach LaVine,CHI,SF,25.3,5.1,4.8
Tyrese Maxey,PHI,PG,25.1,3.2,5.8
Devin Booker,PHO,SG,25,3.8,6.6
Darius Garland,CLE,PG,25,3,8
Karl-Anthony Towns,NYK,C,24.8,13.7,3.2
Moritz Wagner,ORL,C,24.6,9.4,2.7
Zach LaVine,2TM,SF,24.6,4.8,4.6
Kyrie Irving,DAL,SG,24.6,4.8,4.6
De'Aaron Fox,SAC,PG,24.3,4.9,6
Brandon Ingram,NOP,SF,24.2,6.1,5.6
Tyler Herro,MIA,SG,24.2,5.4,5.8
Jordan Poole,WAS,SG,24.2,3.7,5.5
Leo0rd Miller,MIN,SF,24,14.7,0
JT Thor,CLE,PF,24,5.1,0.9
De'Andre Hunter,ATL,SF,23.8,4.9,1.9
Dariq Whitehead,BRK,SF,23.8,3.7,0.6
Kristaps Porziņģis,BOS,C,23.6,8.4,2.4
Jaylen Brown,BOS,SF,23.6,6.2,4.9
De'Aaron Fox,2TM,PG,23.5,4.8,6.2
Trae Young,ATL,PG,23.5,3,11.5
RJ Barrett,TOR,SF,23.4,6.9,6.1
Jalen Williams,OKC,SG,23.4,6,5.7
CJ McCollum,NOP,PG,23.4,4,4.2
Bones Hyland,LAC,PG,23.4,3.9,4.5
Collin Sexton,UTA,SG,23.3,3.6,5.2
Moses Brown,DAL,C,23.2,15.3,1
Jo0than Kuminga,GSW,PF,23.2,6.9,3
De'Andre Hunter,2TM,SF,23.2,5.1,1.8
Moses Brown,2TM,C,23,13.3,0.6
Jalen Green,HOU,SG,23,4.7,3.5
Kawhi Leo0rd,LAC,SF,22.9,6.3,3.4
James Harden,LAC,PG,22.8,6,8.9
Moses Brown,IND,C,22.7,10.2,0
Miles Bridges,CHO,PF,22.7,8.7,4.2
Pascal Siakam,IND,PF,22.7,7.9,3.6
Javonte Green,CLE,SG,22.5,13.5,3
Jordan Clarkson,UTA,SG,22.4,4.4,5.2
David Roddy,PHI,PF,22.3,11.2,3.7
Zach LaVine,SAC,SG,22.3,3.9,4.2
Evan Mobley,CLE,PF,22.2,11.2,3.6
Kai Jones,DAL,C,22.2,8.5,0
DeMar DeRozan,SAC,SF,22.2,3.9,3.9
Alperen Şengün,HOU,C,22.1,12,5.6
Brandon Miller,CHO,SF,22.1,5.1,3.8
Ty Jerome,CLE,SG,22.1,4.8,6.1
John Collins,UTA,PF,22,9.6,2.4
Trey Murphy III,NOP,SF,22,5.2,3.8
Tristan Vukcevic,WAS,C,21.9,10.3,3.1
Jared Butler,WAS,PG,21.9,4.1,8.2
Mark Williams,CHO,C,21.7,13.8,3.2
Lauri Markkanen,UTA,PF,21.7,6.9,1.7
Malik Beasley,DET,SG,21.7,3.6,2.2
Mason Jones,SAC,SG,21.6,8.2,10.3
Jaylen Martin,BRK,SF,21.6,0,0
Cameron Johnson,BRK,PF,21.5,4.7,3.4
Nikola Vučević,CHI,C,21.4,11.5,3.8
Jamal Murray,DEN,PG,21.4,3.8,6
Jared McCain,PHI,SG,21.4,3.4,3.6
Desmond Bane,MEM,SG,21.3,6.9,6.3
Bryce McGowens,POR,SG,21.3,1.6,1.6
Jay Huff,MEM,C,21.2,6.1,1.9
Jaden Ivey,DET,SG,21.2,5,4.8
De'Andre Hunter,CLE,SF,21.1,6,1.3
Anfernee Simons,POR,SG,21.1,3,5.5
Chris Boucher,TOR,PF,21,9.4,1.4
Luka Garza,MIN,C,21,9.3,1.6
Andrew Wiggins,GSW,SF,21,5.5,2.8
Shaedon Sharpe,POR,SG,21,4.7,3.1
Julius Randle,MIN,PF,20.9,8,5
Immanuel Quickley,TOR,PG,20.9,4.1,6.9
Kevin Porter Jr.,MIL,SG,20.8,7,7.9
Jared Butler,2TM,SG,20.8,4.7,8.2
Jo0s Valančiū0s,WAS,C,20.7,14.8,4
Tre Mann,CHO,PG,20.7,4.3,4.4
Coby White,CHI,SG,20.7,3.7,4.9
Scottie Barnes,TOR,PF,20.6,8.1,6.4
Collin Gillespie,PHO,PG,20.6,5.6,6.4
Andrew Wiggins,2TM,SF,20.6,5.4,2.9
Jo0s Valančiū0s,2TM,C,20.5,14.6,3.9
Chet Holmgren,OKC,C,20.5,11.6,2.7
Caris LeVert,ATL,SG,20.5,5,3.5
Jalen Suggs,ORL,PG,20.4,5.1,4.6
De'Aaron Fox,SAS,PG,20.4,4.4,7
Trentyn Flowers,LAC,SF,20.3,9,0
Marvin Bagley III,WAS,C,20.2,12.1,1.5
Daniel Gafford,DAL,C,20.2,11.3,2.4
Bol Bol,PHO,PF,20.2,8.8,1.6
Tyler Smith,MIL,PF,20.1,9.1,1.8
Domantas Sabonis,SAC,C,20,14.4,6.3
Jimmy Butler,MIA,PF,20,6.2,5.6
Jimmy Butler,2TM,SF,20,6,5.8
D'Angelo Russell,BRK,PG,20,3.9,8.3
Torrey Craig,CHI,SF,19.8,8,1.6
Kevin Knox,GSW,SF,19.8,7.8,2.8
Michael Porter Jr.,DEN,SF,19.8,7.4,2.3
Jimmy Butler,GSW,SF,19.8,5.8,6.2
Austin Reaves,LAL,SG,19.8,4.5,6.2
Dennis Schröder,BRK,PG,19.8,3.2,7.1
Markieff Morris,LAL,PF,19.8,1.8,5.4
Jo0s Valančiū0s,SAC,C,19.7,13.9,3.6
Kyle Kuzma,WAS,PF,19.7,7.5,3.2
Jalen Smith,CHI,C,19.6,13.2,2.3
Bobby Portis,MIL,PF,19.6,11.9,3.2
Sandro Mamukelashvili,SAS,PF,19.6,9.8,2.1
Cam Whitmore,HOU,SF,19.6,6.7,1.9
Khris Middleton,MIL,SF,19.6,5.7,6.9
Damion Lee,PHO,SG,19.6,5,2.9
Dalano Banton,POR,PG,19.6,4.5,5
Malik Monk,SAC,SG,19.6,4.2,6.5
Tyrese Haliburton,IND,PG,19.6,3.7,9.4
Malcolm Brogdon,WAS,PG,19.5,5.8,6.3
Bradley Beal,PHO,SG,19.5,4,4
Dejounte Murray,NOP,PG,19.3,7.1,8.1
Quinten Post,GSW,PF,19.2,9,3.5
Georges Niang,ATL,PF,19.2,6.3,2.7
Khris Middleton,2TM,SF,19.2,5.9,6.8
Jalen Johnson,ATL,SF,19.1,10.1,5.1
Lester Quiñones,PHI,SG,19.1,8.5,2.1
0z Reid,MIN,C,19.1,7.9,2.8
Keyonte George,UTA,PG,19.1,4.3,6.8
Jaden Hardy,DAL,SG,19,3.7,3.3
N'Faly Dante,HOU,C,18.9,17.1,1.9
Marvin Bagley III,2TM,PF,18.9,11.4,1.4
Obi Toppin,IND,PF,18.9,7.5,2.9
Bennedict Mathurin,IND,SF,18.9,6.4,2.2
T.J. McConnell,IND,PG,18.9,4.8,9
Brice Sensabaugh,UTA,SF,18.8,5.1,2.6
Stephon Castle,SAS,PG,18.8,4.4,5
Devin Vassell,SAS,SG,18.8,4.4,3.4
Jee0than Williams,HOU,SG,18.8,3.1,2.1
Deni Avdija,POR,SF,18.6,8,4.5
Kyle Kuzma,2TM,PF,18.6,7.6,3
Keldon Johnson,SAS,SF,18.6,6.9,2.3
Cole Anthony,ORL,PG,18.6,6,5.5
Quentin Grimes,PHI,SG,18.5,6.1,3.8
Klay Thompson,DAL,SF,18.5,4.6,2.7
Bam Adebayo,MIA,C,18.4,10.5,4.6
Santi Aldama,MEM,PF,18.4,9.6,4.1
De'Anthony Melton,GSW,SG,18.4,6,5.1
Aaron Wiggins,OKC,SG,18.4,6,2.6
Payton Pritchard,BOS,PG,18.4,4.9,4.5
Branden Carlson,OKC,C,18.2,8.7,2
Myles Turner,IND,C,18.2,7.6,1.9
GG Jackson II,MEM,PF,18.2,7,2.5
Talen Horton-Tucker,CHI,SG,18.2,5.4,4.2
Andrew Wiggins,MIA,SF,18.2,4.9,3.4
Khris Middleton,WAS,SF,18.1,6.4,6.6
D'Angelo Russell,2TM,PG,18.1,3.8,7.1
Reece Beekman,GSW,PG,18,9,9
Alex Reese,2TM,PF,18,9,2.3
Trendon Watford,BRK,PF,18,6.7,4.1
Jack McVeigh,HOU,PF,18,5.1,1.3
Marcus Smart,WAS,PG,18,3.4,4
Jordan McLaughlin,SAS,PG,18,0,21
Paul George,PHI,PF,17.9,5.9,4.8
Zach Collins,CHI,PF,17.8,11.5,3.4
Derrick White,BOS,SG,17.8,4.5,4.5
Svi Mykhailiuk,UTA,SF,17.8,4.4,3.6
Kevin Love,MIA,PF,17.7,14,3.2
Ivica Zubac,LAC,C,17.7,13.9,2.8
Kevin Porter Jr.,2TM,SG,17.6,6.6,6.2
Buddy Hield,GSW,SG,17.6,5,2.5
Gradey Dick,TOR,SG,17.6,4.4,2.2
Cameron Payne,NYK,PG,17.6,3.6,6.7
Chris Duarte,CHI,SG,17.5,9.7,4.4
Torrey Craig,2TM,SF,17.5,7.6,1.6
Tari Eason,HOU,PF,17.4,9.2,2
Dennis Schröder,3TM,PG,17.4,3.4,6.9
Jared Butler,PHI,SG,17.3,6.9,8.2
Dante Exum,DAL,PG,17.3,3,6.2
Deandre Ayton,POR,C,17.2,12.1,1.9
Onyeka Okongwu,ATL,C,17.2,11.4,3
Aaron Gordon,DEN,PF,17.2,6.5,4.2
Kevin Porter Jr.,LAC,SG,17.1,6.5,5.9
Zaccharie Risacher,ATL,SF,17.1,5.3,1.9
Jarrett Allen,CLE,C,17,13,2.5
Thomas Bryant,IND,C,17,9.8,2.8
Dennis Schröder,DET,PG,17,5.2,8.9
Jevon Carter,CHI,PG,17,4.5,4.8
Scoot Henderson,POR,PG,17,4,7.1
Josh Okogie,CHO,SG,16.9,5.8,2.4
D'Angelo Russell,LAL,PG,16.9,3.8,6.4
Patrick Baldwin Jr.,WAS,SF,16.8,7.8,0.7
Russell Westbrook,DEN,PG,16.8,6.5,8
Quentin Grimes,2TM,SG,16.8,6,3.5
Malaki Branham,SAS,SG,16.8,4.5,3.1
Jakob Poeltl,TOR,C,16.7,11.7,3.3
Tre Jones,CHI,PG,16.7,4.6,5.7
Caris LeVert,2TM,SG,16.7,4.5,5
Moses Moody,GSW,SG,16.7,4.2,2
Jordan Hawkins,NOP,SG,16.7,4.2,1.8
Day'Ron Sharpe,BRK,C,16.6,13.1,3.5
Kelly Olynyk,NOP,C,16.6,11.4,4.3
MarJon Beauchamp,2TM,SF,16.6,9.1,2.6
Isaiah Joe,OKC,SG,16.5,4.4,2.4
Scotty Pippen Jr.,MEM,PG,16.4,5.9,7.6
AJ Johnson,MIL,SG,16.4,5.7,5.7
E.J. Liddell,CHI,PF,16.4,5.5,3.3
Mikal Bridges,NYK,SF,16.4,3,3.2
Paul Reed,DET,C,16.3,9.9,3.7
Thomas Bryant,2TM,C,16.3,9.8,2.5
Kyle Kuzma,MIL,PF,16.3,8,2.6
Christian Braun,DEN,SG,16.3,5.5,2.5
Dalton Knecht,LAL,SF,16.3,5.3,1.5
Terrence Shannon Jr.,MIN,SG,16.3,5.1,3.4
Isaiah Wong,CHO,SG,16.3,4.3,3.8
Kelly Olynyk,2TM,C,16.2,9.3,5
Josh Giddey,CHI,PG,16.2,9.2,8.1
Brandon Boston Jr.,NOP,SG,16.2,4.9,3.3
OG Anunoby,NYK,PF,16.2,4.6,2
Duncan Robinson,MIA,SF,16.2,3.6,3.9
Zach Edey,MEM,C,16.1,13.4,1.5
Kelly Olynyk,TOR,C,16.1,8.4,5.3
Ausar Thompson,DET,SF,16.1,8.2,3.9
0ji Marshall,DAL,SF,16.1,6.1,3.8
Quentin Grimes,DAL,SG,16.1,6,3.4
Jeff Green,HOU,PF,16.1,4.7,1.2
Jeremy Sochan,SAS,PF,16,9.7,3.6
Duop Reath,POR,C,16,6.9,1.8
Georges Niang,2TM,PF,16,6.4,2.4
Aaron Nesmith,IND,SF,15.9,5.7,2.1
Jerami Grant,POR,PF,15.9,3.8,2.5
Rob Dillingham,MIN,PG,15.9,3.5,7
Alex Sarr,WAS,C,15.8,8.7,3
Larry 0nce Jr.,ATL,PF,15.8,8,3
Josh Okogie,2TM,SG,15.8,6.9,1.7
Corey Kispert,WAS,SF,15.8,4.1,2.3
Kevin Huerter,CHI,SG,15.8,3.9,3.6
Bogdan Bogdanović,LAC,SG,15.8,2.7,4.1
Kelly Oubre Jr.,PHI,SF,15.7,6.4,1.9
Johnny Juzang,UTA,SG,15.7,5.5,1.9
Jamison Battle,TOR,SF,15.7,5.2,2.4
Charles Bassey,SAS,C,15.6,15,1.7
Jalen Duren,DET,C,15.6,14.3,3.7
P.J. Washington,DAL,PF,15.6,9,2.6
Marcus Smart,2TM,PG,15.6,3.8,5.9
Brandon Williams,DAL,PG,15.6,3.7,5.4
Marcus Sasser,DET,PG,15.6,3,5.9
Brandon Clarke,MEM,PF,15.5,9.7,2
Amen Thompson,HOU,SF,15.5,9.2,3.9
Tobias Harris,DET,PF,15.5,6.7,2.5
Matas Buzelis,CHI,SF,15.5,6.7,1.7
Donte DiVincenzo,MIN,SG,15.5,5.1,5
Jaylen Wells,MEM,SG,15.5,4.4,2.3
Caris LeVert,CLE,SF,15.5,4.3,5.6
Garrison Mathews,ATL,SG,15.5,3.8,2.6
Kel'el Ware,MIA,C,15.4,11.4,1.6
Jaylen Martin,2TM,SF,15.4,10.3,0
Zach Collins,2TM,PF,15.4,9.5,4.1
Gary Payton II,GSW,SG,15.4,7.7,3.5
Alex Reese,PHI,PF,15.4,7.7,2.6
Josh Okogie,PHO,SG,15.4,7.4,1.4
Bruce Brown,TOR,PG,15.4,6.9,2.9
Kobe Bufkin,ATL,SG,15.4,6.1,4.9
Isaac Jones,SAC,PF,15.4,6,1.3
Nikola Jović,MIA,PF,15.4,5.6,4.1
Ricky Council IV,PHI,SF,15.4,5.5,3
Grayson Allen,PHO,SG,15.4,4.7,3.1
Nick Richards,CHO,C,15.3,12.9,2.3
MarJon Beauchamp,MIL,SF,15.3,9.4,2.4
Keon Johnson,BRK,SG,15.3,5.5,3
Terry Rozier,MIA,PG,15.3,5.1,3.7
Seth Curry,CHO,SG,15.3,4.1,1.6
Vince Williams Jr.,MEM,SG,15.2,7.4,4.2
Georges Niang,CLE,PF,15.2,6.5,2.3
Luke Ken0rd,MEM,SG,15.2,4.6,5.6
A.J. Lawson,TOR,SG,15.2,3.8,0.6
Julian Strawther,DEN,SG,15.2,3.5,2.2
Gary Trent Jr.,MIL,SG,15.2,3.4,1.7
Jazian Gortman,DAL,PG,15.2,3.2,3.8
Dillon Brooks,HOU,SF,15.1,4.4,1.8
Clint Capela,ATL,C,15,14.2,1.9
Isaiah Jackson,IND,C,15,12,2.1
Richaun Holmes,WAS,PF,15,11.2,2.8
Justin Champagnie,WAS,SF,15,9,1.8
Julian Champagnie,SAS,SF,15,5.8,2
Harrison Barnes,SAS,PF,15,5.2,2.3
Derrick Jones Jr.,LAC,SF,15,5.1,1.2
Nick Richards,2TM,C,14.9,14,1.6
Rui Hachimura,LAL,PF,14.9,5.9,1.7
Marcus Smart,MEM,PG,14.9,3.9,6.4
Bogdan Bogdanović,2TM,SG,14.9,3.6,3.3
Trayce Jackson-Davis,GSW,C,14.8,11.4,3.8
Kyle Filipowski,UTA,C,14.8,10,3.6
Dyson Daniels,ATL,SG,14.8,5.9,4.3
Matt Ryan,NYK,SF,14.8,4.2,1.6
Sidy Cissoko,SAS,SF,14.7,6.7,4
Noah Clowney,BRK,PF,14.7,6.1,1.3
Antonio Reeves,NOP,SG,14.7,3.8,2.5
Devin Carter,SAC,PG,14.6,8.8,4.5
Ziaire Williams,BRK,SF,14.6,7.1,2.1
AJ Johnson,2TM,SG,14.6,4.4,5.8
Ayo Dosunmu,CHI,SG,14.6,4.2,5.4
Fred VanVleet,HOU,PG,14.6,4,5.9
Shake Milton,BRK,SG,14.6,3.7,4.7
Dennis Schröder,GSW,SG,14.6,3.2,6
Doug McDermott,SAC,SF,14.6,2.3,0.5
Nick Richards,PHO,C,14.5,14.8,1
Jaime Jaquez Jr.,MIA,SF,14.5,7.4,4.2
Guerschon Yabusele,PHI,C,14.5,7.4,2.7
Ron Holland,DET,SF,14.5,6,2
Quenton Jackson,IND,PG,14.5,3.8,4.4
Jose Alvarado,NOP,PG,14.5,3.7,6.7
Keion Brooks Jr.,NOP,SF,14.4,10.8,3.6
Lamar Stevens,MEM,PF,14.4,9,0
Terance Mann,ATL,SG,14.4,4.4,3.7
Jaylen Nowell,NOP,SG,14.4,4.3,3.9
Bogdan Bogdanović,ATL,SG,14.4,4,2.9
Amir Coffey,LAC,SG,14.4,3.4,1.6
Spencer Dinwiddie,DAL,PG,14.4,3.3,5.4
Nick Smith Jr.,CHO,SG,14.4,3.3,3.4
Jamaree Bouyea,MIL,PG,14.4,0,7.2
Jabari Walker,POR,SF,14.3,10.4,2
Brandin Podziemski,GSW,SG,14.3,6.9,4.8
Max Christie,DAL,SG,14.3,4.5,3.7
Jusuf Nurkić,CHO,C,14.2,15.6,7.4
Andre Drummond,PHI,C,14.2,15.2,1.7
Bruno Fer0ndo,TOR,C,14.2,12.5,4.4
Tosan Evbuomwan,BRK,SF,14.2,6.1,2.4
Brook Lopez,MIL,C,14.2,5.7,2
Ryan Rollins,MIL,PG,14.2,4.7,3.8
Zach Collins,SAS,C,14.1,8.6,4.4
Tyrese Martin,BRK,SG,14.1,6.2,2.8
Aaron Holiday,HOU,PG,14.1,3.5,3.5
Oscar Tshiebwe,UTA,C,14,18.7,1.1
Mitchell Robinson,NYK,C,14,10.7,0.7
Kenrich Williams,OKC,PF,14,8.1,3
Pat Spencer,GSW,PG,14,7.4,6.7
Kevin Huerter,2TM,SG,14,4.6,3.1
Ajay Mitchell,OKC,SG,14,4.3,3.7
Isaiah Hartenstein,OKC,C,13.9,14.4,5.1
Dominick Barlow,ATL,SF,13.9,7.1,0.9
Shake Milton,2TM,SG,13.9,4.4,4.6
Markelle Fultz,SAC,PG,13.9,3.5,4.1
Josh Hart,NYK,SG,13.8,9.2,5.3
Mouhamed Gueye,ATL,PF,13.8,7.7,1.4
Jaden McDaniels,MIN,PF,13.8,6.6,2.2
Ja'Kobe Walter,TOR,SG,13.8,5.1,2.3
Patty Mills,LAC,PG,13.8,0,4.2
Dereck Lively II,DAL,C,13.7,11.8,3.9
Adama Sanogo,CHI,C,13.7,10.3,1.7
Royce O'Neale,PHO,SF,13.7,6.9,2.9
Yuki Kawamura,MEM,PG,13.7,4,8
Miles McBride,NYK,PG,13.7,3.8,3.9
Lindy Waters III,DET,SG,13.7,1.2,1.2
Walker Kessler,UTA,C,13.6,14.3,1.9
Drew Eubanks,UTA,C,13.6,10.6,2.9
Jock Landale,HOU,C,13.6,10.5,2.8
Jabari Smith Jr.,HOU,PF,13.6,7.8,1.1
Markieff Morris,2TM,PF,13.6,5.3,4.1
Jett Howard,ORL,SF,13.6,3.7,2.4
Nic Claxton,BRK,C,13.5,10,3
Kevin Huerter,SAC,SG,13.5,4.8,3
Anthony Black,ORL,PG,13.5,4.1,4.7
Tristen Newton,IND,SG,13.5,0,4.5
Drew Eubanks,2TM,C,13.4,10.5,2.6
David Roddy,2TM,PF,13.4,7.6,3.2
Torrey Craig,BOS,SF,13.4,7,1.7
Jackson Rowe,GSW,PF,13.4,6.7,2.5
Sidy Cissoko,2TM,SF,13.4,6.1,3.7
Monte Morris,PHO,PG,13.4,3.9,4.6
Jusuf Nurkić,2TM,C,13.3,14.2,3.6
Bilal Coulibaly,WAS,SF,13.3,5.3,3.7
Ochai Agbaji,TOR,SG,13.3,4.9,2
Tim Hardaway Jr.,DET,SG,13.3,3,2.1
Nickeil Alexander-Walker,MIN,SG,13.2,4.4,3.6
Sam Merrill,CLE,SG,13.2,3.8,2.7
Jusuf Nurkić,PHO,C,13.1,13.9,2.9
Mo Bamba,LAC,C,13.1,12.3,1.6
Jordan Goodwin,LAL,PG,13.1,8,2.1
Tyus Jones,PHO,PG,13.1,3.1,7.3
Sam Hauser,BOS,PF,13,5.4,1.6
Jordan Miller,LAC,SF,13,5.2,2.9
Jrue Holiday,BOS,PG,13,5.1,4.4
Lonnie Walker IV,PHI,SG,13,4.5,2.6
Kylor Kelley,DAL,C,12.9,11.3,1.1
Dorian Finney-Smith,BRK,PF,12.9,5.7,1.9
Alec Burks,MIA,SG,12.9,5.5,2.3
Tyler Kolek,NYK,PG,12.9,3.6,5.4
Adam Flagler,OKC,SG,12.9,3,0
Goga Bitadze,ORL,C,12.8,11.8,3.3
Thomas Bryant,MIA,C,12.8,10,1.3
Neemias Queta,BOS,C,12.8,9.7,1.7
Keegan Murray,SAC,PF,12.8,7.1,1.5
Cam Christie,LAC,SG,12.8,7,2.3
Jarace Walker,IND,PF,12.8,6.9,3.2
Bruce Brown,2TM,PG,12.8,6.7,2.9
Max Strus,CLE,SF,12.8,6.1,4.5
Josh Minott,MIN,SF,12.8,5.8,2.2
Andrew Nembhard,IND,SG,12.8,4,6.2
Wendell Carter Jr.,ORL,C,12.7,10.5,3.2
David Roddy,ATL,PF,12.7,7.3,3.1
Simone Fontecchio,DET,SF,12.7,6.3,1.9
Vasilije Micić,CHO,PG,12.7,4.1,6
Keon Ellis,SAC,SG,12.7,4.1,2
Max Christie,2TM,SG,12.7,4,2.5
Reggie Jackson,PHI,PG,12.7,3.9,4.2
Jo0than Isaac,ORL,PF,12.6,10.7,1.1
Jake LaRavia,MEM,PF,12.6,7.5,4.9
Kyle Anderson,GSW,PF,12.6,7.3,5.4
KJ Simpson,CHO,PG,12.6,5.1,4.6
Jalen Wilson,BRK,PF,12.6,4.6,2.5
Vasilije Micić,2TM,PG,12.6,4.1,6
Bismack Biyombo,SAS,C,12.5,11.5,2.5
Ousmane Dieng,OKC,C,12.5,7.3,2.9
Grant Williams,CHO,PF,12.5,6.2,2.8
Patrick Williams,CHI,PF,12.5,5.5,2.8
A.J. Green,MIL,SG,12.5,3.7,2.1
Eric Gordon,PHI,SG,12.5,2.2,3
Olivier-Maxence Prosper,DAL,PF,12.4,7.8,2.5
Lonzo Ball,CHI,PG,12.4,5.5,5.3
Justin Edwards,PHI,SF,12.4,4.6,2
Jamal Shead,TOR,PG,12.4,2.5,7.4
Donovan Clingan,POR,C,12.3,14.6,1.8
Kyle Anderson,2TM,PF,12.3,7.8,5.4
Ryan Dunn,PHO,SF,12.3,6.5,1.6
Shake Milton,LAL,SG,12.3,5.9,4.4
Keaton Wallace,ATL,PG,12.3,3.1,4.8
Blake Wesley,SAS,SG,12.3,2.8,7.7
Kai Jones,2TM,C,12.2,8,1.5
Craig Porter Jr.,CLE,PG,12.2,4.5,5.5
Jeff Dowtin,PHI,PG,12.2,3.9,5
Max Christie,LAL,SG,12.2,3.8,2.1
Trey Lyles,SAC,PF,12.1,8.8,2.1
Jaxson Hayes,LAL,C,12.1,8.6,2
Jaylon Tyson,CLE,SG,12.1,7.8,3.7
Jake LaRavia,2TM,PF,12.1,7.3,4.6
Tre Jones,2TM,PG,12.1,4.6,7.5
Jared Rhoden,CHO,SG,12,12,6
RayJ Dennis,IND,PG,12,9.6,4.8
Orlando Robinson,SAC,C,12,8.8,5.7
Luguentz Dort,OKC,SF,12,5.1,2.1
Killian Hayes,BRK,PG,12,4,6.9
AJ Johnson,WAS,SG,12,2.4,6
Robert Williams,POR,C,11.9,12.1,2.2
Rudy Gobert,MIN,C,11.9,11.3,2
Orlando Robinson,TOR,C,11.9,9.6,3
Orlando Robinson,2TM,C,11.9,9.5,3.4
Jeremiah Robinson-Earl,NOP,PF,11.9,9.2,2.3
Johnny Davis,WAS,SG,11.9,5.7,1.6
Zeke N0ji,DEN,PF,11.9,5.7,1
Tristan Da Silva,ORL,SF,11.9,5.4,2.5
Peyton Watson,DEN,SF,11.9,5.1,2.2
Cam Spencer,MEM,SG,11.9,4.8,4.5
Vit Krejci,ATL,PG,11.9,4.7,4.7
Toumani Camara,POR,PF,11.8,6.5,2.3
Terance Mann,2TM,SG,11.8,5,3.1
Bronny James,LAL,SG,11.8,3.8,3.8
PJ Hall,DEN,C,11.7,12.5,2.3
Drew Eubanks,LAC,C,11.7,9.7,1.2
Wendell Moore Jr.,CHO,SG,11.7,6.8,0.5
Elfrid Payton,NOP,PG,11.7,6,12
Anthony Gill,WAS,PF,11.7,5.3,1.2
Julian Phillips,CHI,SF,11.7,5.3,1
Dru Smith,MIA,SG,11.7,4.8,3.1
Reed Sheppard,HOU,PG,11.7,4.2,3.6
Mike Conley,MIN,PG,11.7,3.8,6.5
Yves Missi,NOP,C,11.6,10.7,1.7
Lindy Waters III,2TM,SG,11.6,5.2,2.3
Landry Shamet,NYK,SG,11.6,2.5,1.8
Jaylin Williams,OKC,PF,11.5,11.9,5
Ben Simmons,LAC,PG,11.5,8.8,8.5
Jaden Springer,BOS,SG,11.5,6.1,2.6
KJ Martin,PHI,PF,11.5,5.4,1.4
Alex Caruso,OKC,SG,11.5,5.3,5
Lindy Waters III,GSW,SG,11.5,5.3,2.3
KJ Martin,2TM,PF,11.5,5.2,1.5
KJ Martin,UTA,SF,11.5,4.9,1.6
Dalen Terry,CHI,SG,11.5,4.2,3.4
Kyle Anderson,MIA,SF,11.4,9.4,5.3
Karlo Matković,NOP,PF,11.4,9,2.1
Cody Martin,CHO,SF,11.4,6.6,3.3
Jaden Springer,2TM,SG,11.4,5.4,3.3
Herbert Jones,NOP,SF,11.4,4.3,3.6
Kevon Looney,GSW,C,11.3,15.2,3.9
Trevelin Queen,ORL,SG,11.3,4.1,3.2
Pelle Larsson,MIA,SG,11.3,4.1,2.7
Jaden Springer,UTA,PG,11.3,3.8,4.8
Draymond Green,GSW,PF,11.2,7.7,7.3
Jae'Sean Tate,HOU,SF,11.2,7,2.8
Kyshawn George,WAS,SG,11.2,5.5,3.3
Bub Carrington,WAS,PG,11.2,4.9,4.9
Chris Paul,SAS,PG,11.2,4.7,10
Precious Achiuwa,NYK,C,11.1,9.9,1.7
Delon Wright,NYK,PG,11.1,2.8,5.5
JD Davison,BOS,PG,11.1,2.8,2.8
Davion Mitchell,MIA,PG,11.1,2.1,5
Kobe Brown,LAC,PF,11,9.1,2.9
Colin Castleton,MEM,C,11,7,0
Terance Mann,LAC,SG,11,5.3,2.9
Isaiah Collier,UTA,PG,11,4.6,9
Gui Santos,GSW,PF,10.9,7.8,3.8
Al Horford,BOS,C,10.9,7.6,2.5
Alex Ducas,OKC,SG,10.9,7.1,0.9
Damion Baugh,CHO,SG,10.9,4,5.5
Jalen Pickett,DEN,SG,10.9,3.8,5.9
Taze Moore,POR,SG,10.8,14.4,1.8
Cui Yongxi,BRK,SG,10.8,7.2,0
Taurean Prince,MIL,SF,10.8,5.1,2.7
TyTy Washington Jr.,PHO,PG,10.8,4.6,4.6
Jaylen Clark,MIN,SG,10.8,3.2,1.4
Quincy Olivari,LAL,PG,10.8,0,3.6
Trey Jemison,LAL,C,10.7,9.7,1
Jo0than Mogbo,TOR,PF,10.7,8.3,3.3
Wendell Moore Jr.,2TM,SG,10.7,7.1,2.9
Kris Murray,POR,SF,10.7,6,2.3
Caleb Martin,PHI,SF,10.7,5.2,2.6
Isaac Okoro,CLE,SG,10.7,4.2,2.7
Kai Jones,LAC,C,10.6,8,1.7
Dorian Finney-Smith,2TM,PF,10.6,5.2,1.7
Ben Sheppard,IND,SG,10.6,4.8,2.2
Patty Mills,2TM,PG,10.6,2.6,3
Isaiah Crawford,SAC,SF,10.5,10.5,0
Isaiah Stewart,DET,C,10.5,10.2,3
Luke Kornet,BOS,C,10.5,10.1,3.4
Markieff Morris,DAL,PF,10.5,7,3.5
Rayan Rupert,POR,SG,10.5,5.4,2.1
Jordan McLaughlin,2TM,PG,10.5,3.7,5.5
DeAndre Jordan,DEN,C,10.4,14.6,2.5
Wendell Moore Jr.,DET,SG,10.4,7.2,3.8
Pat Con0ughton,MIL,SG,10.4,6.4,4
Kentavious Caldwell-Pope,ORL,SG,10.4,2.5,2.1
Moussa Diabaté,CHO,C,10.3,13,1.7
Jalen Hood-Schifino,LAL,SG,10.3,2.6,2.6
Jamal Cain,NOP,SF,10.2,6.4,1.8
Cason Wallace,OKC,SG,10.2,4.6,3.2
Patty Mills,UTA,PG,10.2,2.9,2.9
Keshad Johnson,MIA,SF,10.1,10.7,1.9
Adem Bo0,PHI,C,10.1,9.2,1
Steven Adams,HOU,C,10,14.6,3.5
David Duke Jr.,SAS,SG,10,6,6
Jordan McLaughlin,SAC,PG,10,4,4.5
Drew Peterson,BOS,PF,9.9,7.2,3.1
Hunter Tyson,DEN,PF,9.9,7,1.6
Pacome Dadiet,NYK,SG,9.9,5.3,1.9
Haywood Highsmith,MIA,SF,9.9,4.6,2
Gabe Vincent,LAL,PG,9.9,2.1,2.5
Maxwell Lewis,BRK,SF,9.8,13.1,1.6
Javonte Green,2TM,SG,9.8,6,1.5
Tre Jones,SAS,PG,9.8,4.6,8.3
Davion Mitchell,2TM,PG,9.7,2.7,6.4
Tidjane Salaün,CHO,PF,9.6,7.9,1.9
Cory Joseph,ORL,PG,9.6,3.5,4
Vlatko Čančar,DEN,PF,9.5,8.5,0
Javonte Green,NOP,SG,9.5,5.9,1.5
Josh Green,CHO,SG,9.5,3.3,1.9
Jarred Vanderbilt,LAL,PF,9.4,12.3,2.4
Trey Jemison,2TM,C,9.4,9.6,1.6
Daniel Theis,NOP,C,9.4,9.5,3.5
Kris Dunn,LAC,PG,9.4,5.4,4.6
Davion Mitchell,TOR,PG,9.3,2.8,6.8
Taj Gibson,CHO,C,9.2,11.7,1.7
Christian Koloko,LAL,C,9.2,9.4,1.8
Dario Šarić,DEN,C,9.2,8.7,3.9
Dean Wade,CLE,PF,9.2,7.9,2.4
Ben Simmons,2TM,PG,9.2,7.7,9.8
DaQuan Jeffries,CHO,SG,9,5.5,2
Caleb Houstan,ORL,SF,9,3.1,1.3
Ben Simmons,BRK,PG,8.9,7.5,10
Jake LaRavia,SAC,PF,8.9,6,2.7
Johnny Furphy,IND,SG,8.8,5.7,1.4
Micah Potter,UTA,C,8.7,8.5,1.7
Dillon Jones,OKC,SF,8.7,8.1,4.1
James Johnson,IND,PF,8.7,5.5,4.4
Dorian Finney-Smith,LAL,PF,8.7,4.8,1.6
Mason Plumlee,PHO,C,8.5,12.6,3.9
Oso Ighodaro,PHO,PF,8.5,7.9,2.4
Jared Rhoden,2TM,SG,8.5,6.4,2.1
Andre Jackson Jr.,MIL,SG,8.4,6.6,3
Bruce Brown,NOP,PG,8.3,6.4,3
Elijah Harkless,UTA,SG,8.3,5.5,2.1
Enrique Freeman,IND,PF,8.3,4.9,2.1
Chris Livingston,MIL,SF,8.2,12,1.1
Trey Jemison,NOP,C,8.2,9.5,2.2
Baylor Scheierman,BOS,SG,8.2,7,3
Trey Alexander,DEN,SG,8.2,4.1,3.2
Ariel Hukporti,NYK,C,8,8.5,1.8
Emoni Bates,CLE,SF,8,0,5.3
Pete 0nce,PHI,C,7.9,5.3,1.6
Cody Williams,UTA,SG,7.9,3.9,2.4
Jae Crowder,SAC,PF,7.8,6.7,1.6
Kessler Edwards,DAL,SF,7.7,7.1,3
Josh Christopher,MIA,SG,7.7,3.9,5.1
Kyle Lowry,PHI,PG,7.7,3.8,5.4
Josh Richardson,MIA,SG,7.7,2.9,2.9
Tristan Thompson,CLE,C,7.5,13.8,3.2
Armel Traoré,LAL,SF,7.5,8.1,0.5
Dwight Powell,DAL,C,7.4,8.6,3.6
Alex Len,SAC,C,7.3,8.9,4.2
Gary Harris,ORL,SG,7.3,2.8,1.2
Colby Jones,SAC,SG,7.2,6.4,1.9
Jordan Walsh,BOS,PF,7.2,5.7,1.7
PJ Dozier,MIN,SG,7.2,5.1,5.1
Malachi Flynn,CHO,PG,7.2,0,7.2
John Konchar,MEM,SG,7.1,9.6,2.7
Maxwell Lewis,2TM,SF,7.1,7.1,2.1
Nicolas Batum,LAC,PF,7.1,5.7,2.4
Elfrid Payton,2TM,PG,7.1,5,9.2
Tristen Newton,2TM,SG,6.8,9,4.5
Alex Len,2TM,C,6.8,8.8,3.9
Taylor Hendricks,UTA,PF,6.7,7.2,1
Stanley Umude,MIL,SG,6.6,8.3,1.7
Cam Reddish,LAL,SF,6.6,4,1.4
Jared Rhoden,TOR,SG,6.5,3.3,0
Marvin Bagley III,MEM,PF,6.4,4.2,0
Reece Beekman,2TM,PG,6.4,2.5,4.2
Jericho Sims,MIL,C,6.3,10.6,1.4
Reece Beekman,BRK,PG,6.3,2.4,4.1
Garrett Temple,TOR,SG,6,5.5,6
Delon Wright,2TM,PG,5.9,4,4.3
Maxi Kleber,DAL,PF,5.8,5.4,2.4
Jalen Bridges,PHO,SF,5.8,4.3,0
Delon Wright,MIL,PG,5.8,4.1,4.3
Liam Robbins,MIL,C,5.7,7.6,1.3
Jericho Sims,2TM,C,5.6,10.9,1.8
Ulrich Chomche,TOR,PF,5.6,9,2.3
Jericho Sims,NYK,C,5.5,11,1.9
Spencer Jones,DEN,SF,5.5,6.5,0
Luke Travers,CLE,SG,5.2,7.9,3.3
Xavier Tillman Sr.,BOS,C,5.2,6.6,1.2
Joe Ingles,MIN,SF,5,3.7,7.3
Maxwell Lewis,LAL,SF,5,2.5,2.5
Yuri Collins,GSW,PG,4.5,6.8,9
Jacob Toppin,NYK,SF,4.4,8.1,2.9
Alex Len,LAL,C,3.6,8.1,1.8
Malevy Leons,OKC,SF,3.4,5.1,1.7
D.J. Carton,TOR,SG,3.3,4.4,3.3
Daishen Nix,MIN,PG,2.8,11.1,8.3
Elfrid Payton,CHO,PG,1.8,3.8,5.9
Jaylen Martin,WAS,SF,0,36,0
Jahmir Young,CHI,PG,0,18,18
Tristen Newton,MIN,SG,0,18,4.5
Miles Norris,BOS,PF,0,18,0
Tony Bradley,IND,C,0,18,0
Chuma Okeke,PHI,PF,0,18,0
Jahlil Okafor,IND,C,0,12,12
Riley Minix,SAS,SF,0,10.3,0
Skal Labissière,SAC,PF,0,9,9
Bobi Klintman,DET,SF,0,8.5,2.1
Mac McClung,ORL,SG,0,7.2,14.4
Harrison Ingram,SAS,SF,0,6.5,0
Justin Mi0ya,POR,SF,0,6,4
Cole Swider,DET,SF,0,5.5,2.8
Jesse Edwards,MIN,C,0,0,7.2
Jalen McDaniels,WAS,SF,0,0,5.1
Vasilije Micić,PHO,PG,0,0,0
Sidy Cissoko,POR,SF,0,0,0
Daniss Jenkins,DET,PG,0,0,0
Zyon Pullin,MEM,SG,0,0,0
Emanuel Miller,CHI,PF,0,0,0
